Rank,Team,Conference,W-L,AdjustO,AdjustO Rank,AdjustD,AdjustD Rank,AdjustT,AdjustT Rank,Luck,Luck Rank,SOS OppO,SOS OppO Rank,SOS OppD,SOS OppD Rank,Season
1,Duke 1,ACC,31-3,128.0,3,89.8,4,65.7,266,-0.019,229,112.4,48,102.4,63,2025
2,Florida 1,SEC,30-4,128.6,1,92.4,10,69.6,59,0.007,159,114.5,17,100.0,19,2025
3,Houston 1,B12,30-4,123.2,10,87.8,2,61.4,360,0.015,137,113.5,34,99.9,17,2025
4,Auburn 1,SEC,28-5,128.4,2,93.4,12,67.6,153,0.03,100,117.1,2,98.1,2,2025
5,Tennessee 2,SEC,27-7,120.3,18,89.1,3,63.6,346,0.016,134,116.6,4,100.7,32,2025
6,Alabama 2,SEC,25-8,126.5,4,96.6,32,74.9,1,0.029,103,118.2,1,98.7,3,2025
7,Texas Tech 3,B12,25-8,125.3,6,97.2,37,65.4,281,-0.045,293,111.8,57,100.6,31,2025
8,Michigan St. 2,B10,27-6,118.1,27,90.6,5,67.7,144,-0.009,206,114.2,24,100.8,39,2025
9,Gonzaga 8,WCC,25-8,123.6,9,96.3,29,70.2,46,-0.074,341,110.8,74,103.8,81,2025
10,Iowa St. 3,B12,24-9,119.4,20,92.4,9,68.6,102,-0.048,298,113.3,38,100.7,38,2025
11,St. John's 2,BE,30-4,113.9,65,87.5,1,70.1,49,-0.019,232,111.8,60,102.7,65,2025
12,Maryland 4,B10,25-8,118.1,28,91.8,6,69.8,56,-0.038,280,113.0,42,102.1,56,2025
13,Wisconsin 3,B10,26-9,122.0,13,96.0,27,67.6,152,-0.033,270,114.2,22,100.4,26,2025
14,Arizona 4,B12,22-12,122.5,12,96.8,33,69.9,54,-0.049,303,115.2,7,98.8,4,2025
15,Missouri 6,SEC,22-11,125.3,5,100.9,73,68.2,121,-0.048,297,113.7,26,100.7,37,2025
16,Kentucky 3,SEC,22-11,123.8,8,99.5,56,70.9,23,0.007,157,116.8,3,99.0,6,2025
17,Texas A&M 4,SEC,22-10,116.2,44,92.1,7,66.1,237,0.001,176,115.5,5,99.3,10,2025
18,Clemson 5,ACC,27-6,118.7,24,94.7,16,64.2,327,-0.032,267,111.4,63,103.1,74,2025
19,Purdue 4,B10,22-11,124.2,7,100.4,63,65.0,297,-0.007,197,115.4,6,99.7,15,2025
20,Illinois 6,B10,21-12,121.6,15,98.1,41,71.3,18,-0.018,227,115.0,10,99.0,7,2025
21,Kansas 7,B12,21-12,116.0,48,92.7,11,68.3,113,-0.024,250,114.8,12,99.3,9,2025
22,Saint Mary's 7,WCC,28-5,115.3,56,92.2,8,61.7,359,0.005,163,111.0,71,105.6,123,2025
23,Louisville 8,ACC,27-7,118.1,29,95.5,21,68.7,90,0.058,54,112.6,46,102.3,59,2025
24,BYU 6,B12,24-9,123.0,11,100.6,68,67.2,180,0.036,85,111.8,58,100.7,34,2025
25,Michigan 5,B10,25-9,116.0,47,93.7,14,69.4,65,0.07,42,114.4,18,99.6,11,2025
26,Mississippi 6,SEC,22-11,117.8,31,95.8,25,68.0,130,0.018,130,115.1,8,99.3,8,2025
27,UCLA 7,B10,22-10,116.8,35,95.1,17,64.9,301,-0.008,202,113.6,28,101.1,45,2025
28,Marquette 7,BE,23-10,117.7,32,96.1,28,67.6,156,-0.013,214,113.0,41,100.5,30,2025
29,Baylor 9,B12,19-14,120.8,16,99.7,58,64.5,319,-0.054,314,113.7,27,98.0,1,2025
30,VCU 11,A10,28-6,116.3,41,95.7,23,66.1,241,-0.051,310,106.9,153,105.6,121,2025
31,Oregon 5,B10,24-9,116.6,39,96.5,31,67.6,151,0.085,28,114.3,19,100.2,21,2025
32,Mississippi St. 8,SEC,21-12,118.7,23,98.6,47,68.1,124,0.012,144,115.0,9,100.2,23,2025
33,North Carolina 11,ACC,22-13,118.9,22,99.3,53,70.4,34,-0.019,234,113.3,37,101.2,48,2025
34,Georgia 9,SEC,20-12,115.4,54,96.0,26,66.4,221,-0.001,184,113.9,25,100.2,22,2025
35,Connecticut 8,BE,23-10,121.9,14,102.6,94,63.7,344,-0.019,233,112.0,52,102.0,54,2025
36,UC San Diego 12,BW,30-4,115.2,57,96.5,30,65.6,271,0.01,151,105.8,212,107.4,176,2025
37,Creighton 9,BE,24-10,116.9,34,98.2,42,67.0,192,0.049,70,112.2,50,100.7,33,2025
38,Oklahoma 9,SEC,20-13,119.0,21,100.7,70,68.5,106,0.005,162,114.5,16,99.9,18,2025
39,Ohio St.,B10,17-15,117.6,33,99.3,54,67.0,195,-0.07,333,114.6,14,100.3,25,2025
40,Arkansas 10,SEC,20-13,112.9,73,95.2,20,69.3,68,-0.008,201,114.7,13,100.9,41,2025
41,New Mexico 10,MWC,26-7,112.5,79,95.2,19,72.7,4,-0.0,181,109.1,92,102.8,69,2025
42,Colorado St. 12,MWC,25-9,116.2,43,98.9,49,65.9,252,0.025,116,109.4,89,103.5,78,2025
43,Xavier 11,BE,21-11,115.5,52,98.3,44,69.1,74,-0.02,238,111.1,68,101.7,53,2025
44,Texas 11,SEC,19-15,116.7,37,99.5,57,67.4,172,-0.057,317,114.2,23,100.2,20,2025
45,Northwestern,B10,17-16,113.9,64,97.5,39,64.9,299,-0.089,350,113.6,32,101.2,47,2025
46,San Diego St. 11,MWC,21-9,109.8,111,93.5,13,66.0,245,0.01,153,111.1,66,102.4,62,2025
47,SMU,ACC,23-10,116.6,40,100.4,64,68.4,109,0.011,147,110.2,79,104.2,92,2025
48,Indiana,B10,19-13,113.6,68,97.4,38,67.9,136,0.024,118,114.3,20,101.1,44,2025
49,Vanderbilt 10,SEC,20-12,117.9,30,101.8,83,69.4,64,0.025,112,113.6,30,100.7,36,2025
50,Boise St.,MWC,24-10,116.0,46,100.0,60,65.2,291,0.001,177,109.1,93,102.7,67,2025
51,Memphis 5,Amer,29-5,113.1,72,97.8,40,70.8,27,0.09,20,111.1,69,105.0,105,2025
52,Utah St. 10,MWC,26-7,120.7,17,105.5,149,67.5,159,0.086,25,108.7,95,103.0,70,2025
53,West Virginia,B12,19-13,109.0,131,93.9,15,64.2,329,0.023,120,113.0,43,99.8,16,2025
54,Nebraska,B10,17-14,113.2,71,98.4,45,67.3,173,-0.01,207,113.6,29,101.5,51,2025
55,Cincinnati,B12,18-15,110.5,100,95.7,24,65.4,280,-0.049,302,112.3,49,100.9,40,2025
56,Villanova,BE,19-14,118.2,26,104.0,113,63.0,354,-0.072,335,110.4,77,102.7,66,2025
57,Santa Clara,WCC,20-12,115.8,49,101.7,81,68.8,88,-0.051,312,109.5,87,105.3,113,2025
58,Drake 11,MVC,30-3,112.6,76,98.5,46,58.8,364,0.004,167,107.2,137,107.7,190,2025
59,McNeese 12,Slnd,27-6,114.3,63,100.6,66,65.3,283,-0.023,249,104.6,268,107.1,164,2025
60,Penn St.,B10,16-15,114.7,62,101.0,74,69.8,55,-0.093,354,111.9,56,102.6,64,2025
61,Pittsburgh,ACC,17-15,115.7,50,102.1,85,66.2,233,-0.068,331,111.8,59,103.1,72,2025
62,Liberty 12,CUSA,28-6,112.5,80,98.9,48,65.3,284,0.0,179,105.9,205,105.5,116,2025
63,USC,B10,16-17,116.6,38,103.7,108,68.2,122,-0.043,290,113.3,39,101.2,46,2025
64,Iowa,B10,17-16,119.6,19,106.8,173,69.5,61,-0.037,277,113.5,33,101.3,49,2025
65,San Francisco,WCC,24-9,111.7,91,99.0,51,67.7,143,0.053,63,109.6,85,105.8,126,2025
66,UC Irvine,BW,28-6,107.5,157,95.1,18,68.7,96,0.059,52,107.1,141,106.4,143,2025
67,Kansas St.,B12,16-17,109.4,122,97.1,36,67.0,196,-0.037,276,112.4,47,99.6,12,2025
68,UCF,B12,17-16,115.4,53,103.8,110,71.9,11,0.025,114,111.6,62,99.6,13,2025
69,South Carolina,SEC,12-20,110.4,102,98.9,50,65.3,287,-0.088,349,114.8,11,100.4,29,2025
70,Arizona St.,B12,13-19,112.5,78,101.3,75,68.4,112,-0.019,235,114.6,15,99.0,5,2025
71,Wake Forest,ACC,21-11,108.2,145,97.0,35,67.1,190,0.088,22,111.3,64,102.7,68,2025
72,North Texas,Amer,24-8,109.3,123,98.2,43,60.4,362,-0.019,231,108.6,99,107.6,183,2025
73,Yale 13,Ivy,22-7,115.1,59,104.0,117,67.2,184,-0.041,285,106.4,176,109.0,258,2025
74,Dayton,A10,22-10,115.6,51,104.6,129,65.9,259,0.032,94,108.4,103,103.5,76,2025
75,Rutgers,B10,15-17,115.1,60,104.3,124,68.6,99,-0.012,213,113.5,35,100.2,24,2025
76,Utah,B12,16-16,112.4,81,101.7,82,68.7,91,-0.05,304,112.0,54,101.5,52,2025
77,Butler,BE,14-19,116.1,45,105.6,151,67.4,167,-0.077,343,112.1,51,100.7,35,2025
78,George Mason,A10,26-8,106.0,196,95.6,22,64.5,317,0.075,34,107.5,124,106.2,140,2025
79,Saint Joseph's,A10,22-12,110.9,97,100.8,72,67.9,138,-0.059,321,106.6,165,105.6,122,2025
80,Nevada,MWC,17-16,112.8,74,102.8,97,63.8,342,-0.093,353,109.0,94,103.6,79,2025
81,Colorado,B12,14-20,108.8,137,99.3,52,67.6,149,-0.042,287,113.1,40,99.6,14,2025
82,Stanford,ACC,20-13,112.1,85,102.6,95,66.0,246,0.043,77,109.7,84,103.7,80,2025
83,Lipscomb 14,ASun,25-9,112.7,75,103.2,100,65.9,257,-0.028,263,105.6,220,110.2,334,2025
84,High Point 13,BSth,29-5,118.5,25,109.1,227,66.4,222,0.011,146,104.3,281,109.8,316,2025
85,Oregon St.,WCC,20-12,116.2,42,106.9,179,63.7,345,-0.029,264,107.0,148,106.1,137,2025
86,TCU,B12,16-16,105.8,199,97.0,34,66.5,217,0.03,101,113.5,36,100.4,27,2025
87,Georgetown,BE,17-15,108.3,143,99.5,55,68.2,120,-0.037,274,109.8,82,103.5,75,2025
88,LSU,SEC,14-18,109.0,134,100.3,62,67.9,135,-0.062,325,114.3,21,100.4,28,2025
89,Florida St.,ACC,17-15,108.8,138,100.3,61,69.5,62,-0.007,196,110.3,78,103.8,83,2025
90,Minnesota,B10,15-17,110.1,108,101.7,80,62.6,357,0.025,113,112.9,44,101.3,50,2025
91,Arkansas St.,SB,24-10,110.1,107,102.2,89,69.8,57,-0.037,278,104.9,258,107.4,174,2025
92,UNLV,MWC,18-15,107.5,156,100.0,59,65.7,268,0.01,152,109.9,81,103.9,84,2025
93,Grand Canyon 13,WAC,26-7,107.8,149,100.6,67,71.4,14,0.019,127,103.1,305,106.6,148,2025
94,Georgia Tech,ACC,17-16,107.7,152,100.5,65,68.5,105,0.001,175,110.5,76,104.0,87,2025
95,Bradley,MVC,26-8,111.5,93,104.4,125,65.6,273,0.097,18,107.6,116,107.5,179,2025
96,Notre Dame,ACC,15-18,111.3,95,104.2,123,64.7,313,-0.046,294,111.1,65,103.5,77,2025
97,Providence,BE,12-20,112.1,86,105.1,136,66.2,231,-0.097,356,111.9,55,102.2,57,2025
98,Troy 14,SB,23-10,107.7,153,100.8,71,66.3,229,-0.009,204,105.3,239,108.2,215,2025
99,Akron 13,MAC,28-6,113.7,66,107.1,183,71.4,16,0.071,39,104.7,266,109.1,263,2025
100,Oklahoma St.,B12,15-17,107.7,151,101.4,77,71.4,15,0.074,37,112.8,45,101.0,43,2025
101,Northern Iowa,MVC,20-12,109.8,110,104.0,115,64.9,298,-0.006,191,107.1,143,107.1,160,2025
102,St. Bonaventure,A10,22-11,106.3,189,100.6,69,64.3,326,0.045,75,107.6,119,106.1,135,2025
103,UAB,Amer,22-12,116.8,36,111.3,268,69.0,79,-0.024,252,106.1,192,107.0,158,2025
104,Virginia,ACC,15-17,110.7,99,105.4,141,61.1,361,0.016,136,111.1,67,102.3,61,2025
105,UNC Wilmington 14,CAA,27-7,112.3,84,107.1,184,65.3,285,0.055,58,104.8,261,109.5,294,2025
106,Saint Louis,A10,19-14,109.3,125,104.2,121,67.3,174,-0.009,203,108.1,106,104.6,99,2025
107,CSUN,BW,22-10,109.1,129,104.0,112,72.3,8,0.012,142,105.3,240,107.6,184,2025
108,Loyola Chicago,A10,22-11,107.4,160,102.3,91,66.9,204,0.067,44,106.6,164,106.0,132,2025
109,Washington,B10,13-18,109.1,130,104.0,116,67.6,150,0.011,150,113.6,31,100.9,42,2025
110,Chattanooga,SC,24-9,115.2,58,110.2,246,66.4,218,0.045,74,104.9,260,107.6,187,2025
111,North Alabama,ASun,24-10,111.9,89,107.0,182,66.5,215,0.006,161,104.7,267,110.2,335,2025
112,California,ACC,14-19,111.3,94,106.6,170,67.5,161,-0.038,281,111.0,72,104.2,91,2025
113,George Washington,A10,21-12,108.0,148,103.3,103,66.7,211,-0.023,248,104.6,271,106.6,149,2025
114,Utah Valley,WAC,25-8,106.7,177,102.2,90,67.9,134,0.089,21,105.0,252,106.9,155,2025
115,Florida Atlantic,Amer,18-15,112.3,82,107.9,202,68.7,93,-0.019,230,108.1,108,105.5,119,2025
116,Samford,SC,22-10,112.5,77,108.1,206,70.9,25,0.018,132,105.7,216,108.4,221,2025
117,Syracuse,ACC,14-19,110.3,104,105.9,153,68.1,123,0.026,110,111.7,61,103.1,73,2025
118,DePaul,BE,14-19,109.6,116,105.3,140,66.9,205,-0.038,279,110.6,75,102.2,58,2025
119,Middle Tennessee,CUSA,22-11,109.1,128,104.8,131,68.2,117,0.088,24,107.1,140,104.5,98,2025
120,Wofford 15,SC,19-15,113.6,67,109.5,231,64.0,333,-0.032,266,106.7,161,107.4,177,2025
121,South Alabama,SB,21-11,107.4,159,103.3,102,63.1,352,-0.042,288,104.2,284,108.4,226,2025
122,Northern Colorado,BSky,25-9,112.0,87,108.0,204,68.7,94,0.042,78,105.5,227,109.6,308,2025
123,Jacksonville St.,CUSA,22-12,109.3,126,105.4,142,64.8,310,0.052,65,107.2,136,105.5,117,2025
124,Washington St.,WCC,19-14,111.6,92,107.7,196,70.5,32,0.076,33,109.4,90,105.2,110,2025
125,N.C. State,ACC,12-19,107.6,155,103.8,109,65.2,290,-0.079,346,111.0,70,104.1,88,2025
126,Louisiana Tech,CUSA,20-12,108.9,136,105.2,138,64.4,323,0.031,97,106.0,196,105.1,107,2025
127,St. Thomas,Sum,24-10,113.6,69,110.1,244,67.8,139,-0.01,208,106.8,158,110.3,340,2025
128,Cornell,Ivy,18-11,114.9,61,111.5,273,70.9,26,-0.033,268,105.6,225,108.1,214,2025
129,Belmont,MVC,22-11,112.3,83,108.9,223,70.5,31,0.081,29,106.9,154,106.9,154,2025
130,Kennesaw St.,CUSA,19-14,107.0,170,103.9,111,70.3,42,0.035,88,107.1,142,104.1,89,2025
131,New Mexico St.,CUSA,17-15,104.3,218,101.3,76,64.8,306,-0.037,275,106.8,155,104.5,97,2025
132,Duquesne,A10,13-19,106.1,191,103.2,101,65.2,289,-0.127,361,107.1,146,105.0,104,2025
133,North Dakota St.,Sum,21-11,115.4,55,112.6,297,64.8,302,-0.006,192,107.4,125,110.5,351,2025
134,South Dakota St.,Sum,20-12,109.7,113,107.0,180,68.9,82,-0.018,228,108.0,112,109.7,313,2025
135,Wichita St.,Amer,19-14,106.8,175,104.1,119,68.6,101,0.041,79,107.4,128,105.9,128,2025
136,Kent St.,MAC,22-11,105.4,205,102.8,96,66.0,244,0.027,108,105.7,218,109.5,295,2025
137,Furman,SC,25-9,109.6,114,107.3,191,65.9,253,0.121,8,106.4,179,107.9,199,2025
138,Tulane,Amer,19-14,108.8,140,106.6,171,66.6,213,-0.033,271,106.4,177,107.7,188,2025
139,Robert Morris 15,Horz,26-8,107.0,171,104.9,134,67.8,141,0.088,23,104.5,276,110.7,355,2025
140,Illinois St.,MVC,19-14,111.9,90,109.9,241,65.7,267,-0.015,217,107.5,123,107.4,175,2025
141,East Tennessee St.,SC,19-13,106.8,176,104.9,133,65.0,296,-0.069,332,105.9,206,109.2,275,2025
142,Murray St.,MVC,16-17,106.4,183,104.5,127,64.8,304,-0.05,308,107.6,118,106.2,139,2025
143,UNC Greensboro,SC,20-12,107.2,167,105.4,143,63.8,340,-0.016,221,106.6,167,108.9,249,2025
144,Milwaukee,Horz,21-11,107.2,165,105.5,147,68.7,97,0.004,169,106.0,195,109.2,271,2025
145,UC Riverside,BW,21-12,110.1,106,108.5,215,67.1,191,0.127,6,107.5,122,105.8,125,2025
146,Seattle,WAC,14-18,104.0,221,102.4,92,65.9,255,-0.138,364,104.9,259,105.0,103,2025
147,UC Santa Barbara,BW,21-13,108.8,139,107.2,186,65.4,279,-0.001,182,104.9,255,107.3,170,2025
148,Davidson,A10,17-16,109.7,112,108.2,207,65.9,256,-0.02,236,106.4,174,106.0,130,2025
149,Bryant 15,AE,23-11,106.7,178,105.5,148,72.4,7,-0.003,188,102.9,312,109.9,326,2025
150,Rhode Island,A10,18-13,108.1,146,107.2,187,70.4,36,0.016,135,105.8,213,106.4,144,2025
151,Miami OH,MAC,25-9,107.8,150,107.0,181,68.9,83,0.086,26,103.7,295,109.4,289,2025
152,Radford,BSth,20-13,110.4,103,109.7,237,62.7,356,0.059,53,106.8,157,108.9,248,2025
153,Charleston,CAA,24-9,106.0,192,105.4,145,70.0,50,0.141,3,105.8,208,108.5,233,2025
154,Towson,CAA,22-11,106.8,174,106.2,158,63.6,347,0.094,19,105.8,210,108.0,200,2025
155,Loyola Marymount,WCC,17-15,104.1,220,103.6,107,67.1,187,0.062,49,108.7,97,106.1,134,2025
156,Nebraska Omaha 15,Sum,22-12,111.0,96,110.5,252,67.7,145,0.071,38,106.7,160,109.2,277,2025
157,Montana 14,BSky,25-9,110.8,98,110.4,250,67.0,193,0.186,1,106.4,173,108.7,236,2025
158,UTEP,CUSA,18-15,105.2,210,104.9,132,68.7,92,0.028,105,106.9,151,104.5,96,2025
159,Western Kentucky,CUSA,17-15,103.4,234,103.1,98,71.6,12,0.034,89,106.6,166,104.4,94,2025
160,Texas A&M Corpus Chris,Slnd,20-14,106.0,195,105.7,152,67.4,171,-0.028,261,104.1,288,107.9,197,2025
161,Virginia Tech,ACC,13-19,106.4,180,106.2,161,65.1,293,0.03,102,110.9,73,103.9,85,2025
162,James Madison,SB,20-12,110.4,101,110.3,248,64.8,303,0.069,43,105.5,228,106.9,157,2025
163,Winthrop,BSth,23-11,108.3,144,108.3,211,72.6,6,0.078,32,105.8,207,109.7,310,2025
164,Purdue Fort Wayne,Horz,19-13,109.0,133,109.1,225,69.7,58,-0.015,218,105.2,245,108.8,243,2025
165,San Jose St.,MWC,15-19,107.3,162,107.4,193,66.3,227,0.009,155,108.7,96,103.9,86,2025
166,Lamar,Slnd,20-13,102.0,254,102.2,87,65.4,282,0.047,72,105.4,231,107.2,166,2025
167,Cal Baptist,WAC,17-15,105.8,202,106.1,156,65.7,270,-0.013,215,103.7,294,105.5,118,2025
168,Cleveland St.,Horz,21-12,103.7,228,104.1,118,65.3,288,0.032,95,104.8,262,109.2,270,2025
169,Marshall,SB,20-13,106.3,188,106.8,175,68.6,98,0.002,171,105.3,238,109.6,303,2025
170,Appalachian St.,SB,17-14,101.1,278,101.7,79,63.1,351,-0.028,262,106.0,198,109.3,280,2025
171,Temple,Amer,17-15,110.0,109,110.6,254,68.6,100,0.017,133,106.5,168,106.8,151,2025
172,Florida Gulf Coast,ASun,18-14,108.1,147,108.8,219,65.2,292,-0.026,255,105.6,221,109.4,291,2025
173,Nicholls,Slnd,20-13,105.6,203,106.4,167,68.1,126,0.054,60,104.4,278,106.3,141,2025
174,Illinois Chicago,MVC,17-14,106.9,172,107.8,197,69.1,73,0.066,45,107.2,138,105.9,129,2025
175,Sam Houston St.,CUSA,13-19,110.3,105,111.3,267,67.5,157,-0.04,282,107.1,144,103.0,71,2025
176,East Carolina,Amer,19-14,106.8,173,107.9,203,66.6,214,0.039,82,106.9,152,108.1,209,2025
177,Oakland,Horz,16-18,107.1,169,108.5,213,63.8,338,-0.007,195,107.4,131,107.6,186,2025
178,Princeton,Ivy,19-11,105.3,208,106.7,172,66.4,220,0.118,11,107.2,139,108.1,210,2025
179,Jacksonville,ASun,19-13,101.7,263,103.2,99,67.4,168,0.062,48,107.3,133,109.9,321,2025
180,Norfolk St. 16,MEAC,24-10,107.1,168,108.7,217,66.3,226,0.056,56,103.0,307,110.3,337,2025
181,Cal Poly,BW,16-19,109.5,117,111.1,263,74.4,3,-0.006,194,106.4,178,105.0,102,2025
182,Eastern Kentucky,ASun,18-14,109.6,115,111.4,270,67.6,155,0.019,125,105.8,211,108.8,241,2025
183,Central Connecticut,NEC,25-7,99.7,298,101.5,78,65.7,265,0.023,119,100.2,363,112.1,364,2025
184,Boston College,ACC,12-19,105.4,206,107.2,185,66.7,212,0.018,131,109.6,86,104.1,90,2025
185,Wyoming,MWC,12-20,103.6,231,105.5,150,64.6,316,-0.027,258,109.4,88,104.4,95,2025
186,Montana St.,BSky,15-18,105.3,209,107.3,189,65.8,263,-0.063,327,106.0,194,108.0,203,2025
187,Drexel,CAA,18-15,103.9,223,106.0,154,62.9,355,-0.052,313,105.3,235,109.9,324,2025
188,Merrimack,MAAC,18-15,99.9,296,102.0,84,64.4,322,-0.002,185,103.9,291,109.3,283,2025
189,Rice,Amer,13-19,106.3,187,108.6,216,65.3,286,-0.084,347,105.2,244,107.4,178,2025
190,South Carolina St.,MEAC,20-13,102.6,245,105.0,135,69.1,70,-0.05,309,102.6,324,111.2,362,2025
191,UTSA,Amer,12-19,107.2,166,109.6,234,69.9,53,-0.051,311,107.4,132,106.0,131,2025
192,Miami FL,ACC,7-24,113.5,70,116.0,340,67.4,164,-0.13,362,109.9,80,102.3,60,2025
193,Southern Illinois,MVC,14-19,105.6,204,108.3,210,67.9,137,-0.025,253,108.3,104,107.1,161,2025
194,Southeastern Louisiana,Slnd,18-14,104.6,214,107.3,192,66.9,200,0.011,148,104.6,272,108.5,230,2025
195,South Florida,Amer,13-19,103.5,232,106.3,166,68.2,119,-0.047,295,108.1,107,107.7,192,2025
196,Texas St.,SB,16-16,109.4,121,112.4,290,65.9,254,-0.041,284,104.2,283,107.1,163,2025
197,Elon,CAA,17-15,107.4,158,110.4,249,65.1,294,-0.026,256,105.0,253,108.4,227,2025
198,UNC Asheville,BSth,21-11,109.0,135,112.1,279,68.1,127,0.123,7,106.4,180,109.7,309,2025
199,Central Michigan,MAC,14-17,105.3,207,108.4,212,67.1,188,-0.091,351,106.1,190,108.5,231,2025
200,Ohio,MAC,16-16,106.0,193,109.1,228,70.3,43,-0.064,328,106.1,193,109.8,315,2025
201,Indiana St.,MVC,14-18,109.0,132,112.3,283,72.2,9,-0.044,291,106.4,183,106.5,146,2025
202,Youngstown St.,Horz,21-13,102.1,251,105.4,144,69.2,69,0.058,55,105.1,246,110.0,328,2025
203,Queens,ASun,19-14,106.2,190,109.5,232,68.4,111,0.052,67,105.7,217,109.2,273,2025
204,Southeast Missouri,OVC,21-12,101.8,257,105.1,137,68.8,87,0.023,121,101.7,337,109.2,269,2025
205,Dartmouth,Ivy,14-14,100.1,293,103.4,105,70.9,24,-0.057,319,106.0,197,109.9,318,2025
206,Seton Hall,BE,7-25,98.7,315,102.2,88,64.4,321,-0.042,289,112.0,53,102.1,55,2025
207,Portland St.,BSky,19-13,100.5,285,104.0,114,68.4,110,0.015,138,105.8,214,110.3,341,2025
208,Brown,Ivy,14-13,103.1,237,106.8,174,65.8,264,0.022,122,105.7,219,109.4,286,2025
209,Northeastern,CAA,17-15,103.6,230,107.3,190,67.3,176,0.019,126,104.0,289,108.0,204,2025
210,Idaho St.,BSky,15-15,105.9,198,109.7,236,66.0,249,-0.059,322,105.5,230,109.2,276,2025
211,Longwood,BSth,18-14,105.9,197,109.8,239,69.0,78,0.002,172,106.2,187,110.3,345,2025
212,Valparaiso,MVC,15-19,105.8,200,109.7,235,68.0,131,-0.001,183,106.5,170,106.4,142,2025
213,Quinnipiac,MAAC,20-13,102.0,253,106.1,155,71.6,13,0.031,99,101.9,332,108.8,245,2025
214,Massachusetts,A10,12-20,102.3,248,106.4,168,70.2,44,-0.05,305,106.1,191,105.2,112,2025
215,Hampton,CAA,17-16,103.7,227,107.8,200,65.5,275,-0.003,189,106.3,184,108.9,254,2025
216,Pepperdine,WCC,13-22,106.4,184,110.6,253,69.0,75,-0.022,245,108.0,111,105.2,111,2025
217,SIUE 16,OVC,22-11,101.9,255,106.2,160,65.8,261,0.052,66,101.3,351,110.4,347,2025
218,Maine,AE,20-14,100.1,294,104.4,126,65.9,258,0.002,173,103.5,298,110.5,352,2025
219,Abilene Christian,WAC,16-16,97.6,328,102.1,86,69.4,67,0.036,86,104.3,280,105.6,120,2025
220,Hofstra,CAA,15-18,97.9,325,102.4,93,63.6,348,-0.047,296,104.9,257,108.1,207,2025
221,Campbell,CAA,15-17,101.6,268,106.1,157,65.8,262,-0.058,320,105.0,250,109.3,279,2025
222,La Salle,A10,14-19,103.7,226,108.3,209,68.5,103,0.046,73,107.4,127,105.2,109,2025
223,Wright St.,Horz,15-18,109.5,120,114.1,315,67.4,165,-0.06,323,106.0,200,109.3,285,2025
224,Hawaii,BW,15-16,103.1,236,107.8,199,65.8,260,0.025,115,105.9,202,106.9,153,2025
225,Bucknell,PL,18-15,102.7,243,107.6,195,67.2,181,0.009,154,103.0,306,110.4,348,2025
226,UT Arlington,WAC,13-18,107.3,161,112.3,286,67.5,160,-0.035,272,104.0,290,105.4,114,2025
227,Little Rock,OVC,19-14,99.1,306,104.2,122,66.9,203,0.021,123,101.7,340,109.4,293,2025
228,Northwestern St.,Slnd,16-16,102.6,247,107.8,198,63.9,335,0.079,30,106.1,189,106.4,145,2025
229,Fordham,A10,12-21,106.4,181,111.7,277,69.5,63,-0.003,187,106.5,169,104.8,100,2025
230,William & Mary,CAA,17-15,107.3,163,112.6,298,71.2,19,0.048,71,105.3,236,108.1,211,2025
231,Presbyterian,BSth,14-18,104.5,216,109.9,240,64.1,331,-0.036,273,107.0,149,109.6,299,2025
232,Delaware,CAA,16-20,109.3,124,114.9,325,70.3,41,-0.017,223,104.6,269,107.6,185,2025
233,Southern,SWAC,20-12,98.9,310,104.6,130,68.5,108,0.053,64,101.4,347,109.4,292,2025
234,Northern Kentucky,Horz,17-16,102.6,246,108.3,208,66.1,242,0.041,80,105.9,204,108.8,242,2025
235,Kansas City,Sum,13-20,100.4,289,106.3,163,64.5,320,-0.108,358,107.8,113,110.3,343,2025
236,Manhattan,MAAC,17-13,108.5,142,114.3,318,67.4,163,0.006,160,101.0,355,109.6,307,2025
237,American 16,PL,22-12,102.1,252,108.0,205,63.5,349,0.133,4,103.2,303,110.3,342,2025
238,Richmond,A10,10-22,103.0,238,109.0,224,63.7,343,-0.026,254,107.7,115,105.2,108,2025
239,Cal St. Bakersfield,BW,14-19,106.3,185,112.4,288,66.0,248,-0.02,237,106.0,201,106.7,150,2025
240,Toledo,MAC,18-15,112.0,88,118.1,356,67.9,133,0.117,12,106.0,199,108.3,217,2025
241,South Dakota,Sum,19-14,109.3,127,115.4,332,74.6,2,0.101,16,106.9,150,110.3,338,2025
242,UT Rio Grande Valley,Slnd,16-15,104.7,211,110.9,261,70.4,35,0.007,156,104.1,287,107.7,191,2025
243,Vermont,AE,21-12,99.2,305,105.4,146,62.4,358,0.118,10,103.0,308,110.1,332,2025
244,UMass Lowell,AE,17-15,108.6,141,114.9,323,68.5,104,-0.021,243,101.1,352,108.5,232,2025
245,Missouri St.,MVC,9-23,101.0,279,107.4,194,63.8,339,-0.104,357,108.6,100,107.7,193,2025
246,UC Davis,BW,15-17,97.1,334,103.6,106,66.9,202,0.07,40,107.5,121,107.1,159,2025
247,Northern Arizona,BSky,18-15,104.2,219,110.8,258,66.8,206,0.004,168,105.1,248,110.5,349,2025
248,Incarnate Word,Slnd,17-16,106.0,194,112.6,296,64.1,330,-0.018,226,103.0,311,108.4,223,2025
249,Jackson St.,SWAC,16-18,100.3,290,106.9,178,68.3,115,0.021,124,103.5,297,108.3,219,2025
250,Mount St. Mary's 16,MAAC,22-12,100.1,292,106.8,176,67.4,170,0.147,2,101.9,333,109.2,266,2025
251,Georgia Southern,SB,17-16,102.6,244,109.6,233,69.4,66,0.064,46,104.5,275,109.5,296,2025
252,Tennessee St.,OVC,17-16,102.2,250,109.5,230,70.3,40,-0.068,330,100.9,358,109.4,287,2025
253,Siena,MAAC,14-18,102.8,241,110.2,245,67.2,183,-0.067,329,102.7,319,109.5,298,2025
254,FIU,CUSA,10-23,96.6,338,104.1,120,68.3,114,-0.05,306,107.0,147,106.8,152,2025
255,Harvard,Ivy,12-15,101.2,274,108.9,221,65.5,276,0.054,61,105.5,229,107.8,196,2025
256,Fresno St.,MWC,6-26,100.8,280,108.5,214,70.5,33,-0.008,199,109.7,83,103.8,82,2025
257,Charlotte,Amer,11-22,104.5,215,112.3,284,64.8,305,-0.009,205,107.3,134,107.6,182,2025
258,Iona,MAAC,17-17,98.6,317,106.5,169,68.0,129,0.014,140,102.6,322,109.8,317,2025
259,North Florida,ASun,15-17,109.5,118,117.4,350,72.2,10,0.049,68,106.4,181,108.8,240,2025
260,Colgate,PL,14-19,104.6,213,112.6,295,67.2,186,-0.057,318,103.4,299,109.1,265,2025
261,Mercer,SC,14-19,99.2,304,107.2,188,71.0,21,-0.014,216,106.2,188,108.7,237,2025
262,Evansville,MVC,11-21,98.2,321,106.3,164,66.8,209,-0.021,244,108.0,110,107.1,162,2025
263,Sacred Heart,MAAC,15-18,104.7,212,112.7,302,70.2,47,-0.049,300,101.8,336,109.3,282,2025
264,Gardner Webb,BSth,11-20,103.0,239,111.1,264,68.9,81,-0.011,210,107.4,130,109.7,311,2025
265,North Dakota,Sum,12-21,107.6,154,115.8,337,69.0,80,-0.02,239,108.1,109,108.7,238,2025
266,Georgia St.,SB,14-19,106.4,182,114.6,320,68.9,84,0.013,141,105.0,251,108.4,224,2025
267,Monmouth,CAA,13-20,103.9,224,112.4,294,67.0,194,0.028,107,105.4,233,107.3,168,2025
268,Tulsa,Amer,13-20,101.4,272,110.0,242,66.2,234,-0.044,292,106.5,171,107.9,198,2025
269,Portland,WCC,12-20,105.8,201,114.7,321,68.3,116,0.033,90,107.6,117,106.2,138,2025
270,Albany,AE,17-16,103.2,235,112.3,285,67.5,162,0.018,129,102.5,326,109.9,327,2025
271,Marist,MAAC,20-10,97.1,333,106.2,162,64.0,332,0.107,15,100.5,361,110.9,358,2025
272,Navy,PL,15-19,102.3,249,111.4,271,66.9,198,-0.04,283,101.8,335,109.9,319,2025
273,Alabama St. 16,SWAC,19-15,101.4,270,110.6,256,67.7,142,0.049,69,100.7,359,109.4,290,2025
274,Austin Peay,ASun,14-19,101.8,259,111.1,262,66.1,243,0.025,117,107.8,114,109.8,314,2025
275,Ball St.,MAC,14-17,103.4,233,112.8,303,66.4,225,-0.056,316,104.1,286,110.6,353,2025
276,Idaho,BSky,14-19,107.3,164,116.7,344,66.2,230,0.032,96,105.3,234,108.0,202,2025
277,Columbia,Ivy,12-15,106.3,186,115.9,338,70.7,30,-0.017,224,104.5,273,109.6,305,2025
278,Stephen F. Austin,Slnd,14-17,95.1,348,104.6,128,67.4,169,0.055,59,104.4,279,107.2,165,2025
279,Houston Christian,Slnd,12-20,100.5,286,110.1,243,64.7,312,-0.006,190,104.6,270,107.3,169,2025
280,Texas Southern,SWAC,15-17,96.6,337,106.2,159,69.9,52,-0.049,301,101.7,338,109.0,261,2025
281,Eastern Michigan,MAC,16-16,104.3,217,114.0,313,67.2,185,0.115,13,105.2,243,109.6,306,2025
282,Lehigh,PL,11-19,100.6,284,110.8,260,67.2,179,-0.097,355,103.0,310,109.3,284,2025
283,Pacific,WCC,9-24,101.4,271,111.7,278,66.4,223,-0.033,269,108.5,101,106.1,136,2025
284,Old Dominion,SB,15-20,100.1,295,110.4,251,66.0,250,0.033,91,104.9,256,108.9,256,2025
285,LIU,NEC,17-16,94.9,352,105.2,139,64.8,308,-0.003,186,100.9,357,111.6,363,2025
286,Tarleton St.,WAC,12-20,93.0,359,103.4,104,65.5,277,0.025,111,106.3,185,104.9,101,2025
287,VMI,SC,15-19,100.2,291,110.8,257,68.1,125,0.027,109,106.4,182,108.9,251,2025
288,Bethune Cookman,SWAC,17-16,97.3,332,107.9,201,69.0,76,0.119,9,102.7,318,108.4,222,2025
289,Lafayette,PL,13-20,98.1,324,108.7,218,66.1,240,-0.077,344,102.9,316,111.2,360,2025
290,Bowling Green,MAC,14-18,98.9,311,109.8,238,68.7,95,0.004,165,104.2,285,110.8,356,2025
291,Penn,Ivy,8-19,103.9,222,114.9,324,66.8,208,-0.011,211,105.9,203,107.4,173,2025
292,Tennessee Martin,OVC,14-19,101.7,264,112.7,301,66.2,232,-0.042,286,101.5,344,108.9,257,2025
293,Western Michigan,MAC,12-20,101.4,273,112.4,289,67.8,140,-0.008,200,105.4,232,109.2,278,2025
294,Eastern Washington,BSky,10-22,101.8,261,112.8,304,66.8,207,0.002,174,107.1,145,108.3,216,2025
295,Southern Utah,WAC,12-19,98.1,323,109.3,229,68.9,86,0.032,93,104.7,265,106.0,133,2025
296,San Diego,WCC,6-27,99.4,301,110.6,255,71.0,20,-0.074,340,107.4,126,106.5,147,2025
297,Southern Miss,SB,11-22,97.6,330,108.9,222,70.8,28,-0.007,198,105.0,249,107.5,180,2025
298,Saint Peter's,MAAC,12-16,94.9,351,106.3,165,63.8,337,0.007,158,103.2,302,110.4,346,2025
299,UMBC,AE,13-19,106.5,179,117.9,355,70.4,38,-0.072,336,101.5,343,109.0,260,2025
300,Weber St.,BSky,12-22,101.1,276,112.6,299,65.6,272,-0.011,212,106.3,186,108.8,239,2025
301,Utah Tech,WAC,7-26,101.7,262,113.5,309,67.4,166,-0.062,324,105.1,247,105.1,106,2025
302,Charleston Southern,BSth,10-22,99.7,300,111.6,276,67.3,178,0.04,81,108.5,102,108.5,234,2025
303,Long Beach St.,BW,7-25,101.8,258,113.9,312,64.0,334,-0.071,334,106.8,156,105.8,127,2025
304,Tennessee Tech,OVC,15-17,100.8,281,113.1,306,67.7,146,0.045,76,101.4,346,109.3,281,2025
305,Boston University,PL,16-16,99.0,308,111.3,269,63.0,353,0.061,50,102.1,330,110.5,350,2025
306,Loyola MD,PL,12-19,100.4,287,112.8,305,66.5,216,-0.03,265,101.9,334,110.1,331,2025
307,Delaware St.,MEAC,16-14,101.7,265,114.2,316,70.2,45,0.054,62,102.6,323,111.2,361,2025
308,Fairleigh Dickinson,NEC,13-20,98.3,319,110.8,259,69.1,72,-0.073,337,102.0,331,109.9,323,2025
309,Denver,Sum,11-21,98.7,316,111.2,266,66.4,224,0.005,164,108.2,105,109.9,322,2025
310,Air Force,MWC,4-28,98.9,312,111.4,272,64.4,324,-0.085,348,109.2,91,104.2,93,2025
311,Saint Francis 16,NEC,16-17,99.7,299,112.4,293,66.9,201,0.074,35,101.5,345,108.3,218,2025
312,Howard,MEAC,12-20,103.7,229,116.9,346,69.9,51,-0.0,180,103.2,304,109.9,325,2025
313,Rider,MAAC,14-19,101.7,266,115.0,326,64.8,309,0.074,36,102.7,321,109.2,268,2025
314,IU Indy,Horz,10-22,109.5,119,122.9,363,64.8,307,-0.073,338,104.5,274,108.1,213,2025
315,Eastern Illinois,OVC,12-19,93.5,357,106.9,177,66.1,238,0.003,170,102.9,315,108.6,235,2025
316,Louisiana,SB,12-21,97.7,326,111.2,265,66.2,235,0.085,27,104.8,263,107.3,167,2025
317,Florida A&M,SWAC,14-17,101.5,269,115.2,329,67.1,189,0.063,47,101.6,342,107.8,195,2025
318,Binghamton,AE,15-17,98.8,313,112.7,300,65.7,269,0.056,57,102.7,320,110.3,339,2025
319,Grambling St.,SWAC,12-22,95.2,346,109.1,226,63.8,341,-0.074,339,101.3,349,109.5,297,2025
320,Holy Cross,PL,13-19,101.8,260,115.7,335,66.0,251,0.038,83,102.6,325,108.9,252,2025
321,Niagara,MAAC,11-20,101.1,277,115.2,330,65.0,295,-0.022,247,101.1,353,109.2,274,2025
322,Stonehill,NEC,15-17,100.8,282,115.0,327,64.9,300,0.031,98,100.3,362,110.0,330,2025
323,North Carolina Central,MEAC,14-19,102.7,242,117.1,348,66.8,210,0.015,139,103.4,300,110.3,344,2025
324,Army,PL,16-15,99.8,297,114.3,317,67.5,158,0.132,5,102.9,313,110.7,354,2025
325,Alcorn St.,SWAC,11-21,97.6,331,112.2,281,64.6,315,-0.01,209,103.3,301,108.1,212,2025
326,Lindenwood,OVC,16-17,94.1,354,108.8,220,69.6,60,0.108,14,102.4,328,110.0,329,2025
327,Morehead St.,OVC,15-17,97.6,329,112.4,292,63.9,336,0.079,31,101.4,348,108.4,228,2025
328,Oral Roberts,Sum,7-23,102.8,240,117.7,354,67.2,182,-0.006,193,108.6,98,108.5,229,2025
329,Coastal Carolina,SB,10-22,100.4,288,115.4,333,63.2,350,-0.048,299,103.7,293,108.8,244,2025
330,East Texas A&M,Slnd,5-26,96.5,339,111.6,274,67.3,177,-0.027,257,105.6,224,106.9,156,2025
331,Morgan St.,MEAC,14-18,101.6,267,117.0,347,70.4,37,0.012,145,102.2,329,111.1,359,2025
332,Stony Brook,CAA,8-24,101.9,256,117.6,351,64.4,325,-0.017,225,104.7,264,108.0,201,2025
333,Fairfield,MAAC,12-20,98.2,322,114.1,314,66.0,247,0.07,41,102.4,327,108.9,247,2025
334,Green Bay,Horz,4-28,100.7,283,116.8,345,68.9,85,-0.05,307,106.5,172,107.8,194,2025
335,North Carolina A&T,CAA,7-25,96.9,335,113.3,308,69.0,77,0.0,178,104.9,254,108.0,205,2025
336,Southern Indiana,OVC,10-20,98.2,320,114.8,322,66.9,199,-0.027,259,101.7,339,109.6,304,2025
337,Detroit Mercy,Horz,8-24,95.1,347,112.1,280,66.9,197,0.028,106,106.7,159,108.9,250,2025
338,Western Carolina,SC,8-22,95.2,345,112.3,287,70.3,39,0.011,149,107.4,129,107.4,172,2025
339,USC Upstate,BSth,6-26,98.4,318,115.9,339,72.7,5,-0.021,242,107.3,135,108.1,206,2025
340,Buffalo,MAC,9-22,96.2,340,113.8,311,70.7,29,0.028,104,105.8,209,109.0,262,2025
341,Bellarmine,ASun,5-26,103.8,225,121.4,360,66.1,236,-0.109,359,105.2,241,109.1,264,2025
342,Mercyhurst,NEC,15-16,98.7,314,116.6,342,64.7,314,0.099,17,100.6,360,109.9,320,2025
343,Sacramento St.,BSky,7-25,95.3,344,113.2,307,65.5,278,-0.02,240,105.6,223,109.2,272,2025
344,Wagner,NEC,14-16,92.2,360,110.3,247,60.3,363,0.061,51,99.9,364,110.3,336,2025
345,Northern Illinois,MAC,6-25,94.3,353,112.4,291,68.8,89,-0.091,352,105.6,222,109.2,267,2025
346,Central Arkansas,ASun,9-24,97.6,327,115.8,336,66.3,228,0.036,87,106.4,175,109.0,259,2025
347,Western Illinois,OVC,12-19,99.0,307,117.2,349,64.2,328,0.037,84,101.3,350,109.4,288,2025
348,West Georgia,ASun,6-25,96.8,336,115.1,328,68.0,132,0.012,143,106.6,163,108.9,255,2025
349,New Orleans,Slnd,4-27,99.3,303,117.6,352,69.1,71,-0.016,222,106.7,162,105.7,124,2025
350,Louisiana Monroe,SB,7-25,96.1,341,114.4,319,67.6,148,-0.028,260,104.4,277,108.1,208,2025
351,Cal St. Fullerton,BW,6-26,93.8,355,112.2,282,68.1,128,-0.02,241,107.5,120,105.4,115,2025
352,Stetson,ASun,8-24,99.4,302,118.7,358,67.6,154,-0.015,219,105.8,215,110.1,333,2025
353,NJIT,AE,6-25,93.2,358,113.5,310,66.4,219,-0.054,315,103.0,309,109.6,302,2025
354,Le Moyne,NEC,9-23,101.2,275,121.8,361,68.5,107,0.004,166,101.6,341,108.9,253,2025
355,New Hampshire,AE,8-24,93.8,356,115.4,331,67.3,175,0.019,128,103.6,296,109.7,312,2025
356,The Citadel,SC,5-25,94.9,350,116.7,343,64.5,318,-0.134,363,105.6,226,108.9,246,2025
357,Prairie View A&M,SWAC,5-27,95.5,343,117.7,353,70.1,48,-0.062,326,102.9,314,108.4,225,2025
358,Maryland Eastern Shore,MEAC,6-25,95.8,342,118.4,357,65.5,274,-0.113,360,105.3,237,108.4,220,2025
359,Canisius,MAAC,3-28,99.0,309,121.9,362,66.1,239,-0.078,345,102.8,317,107.7,189,2025
360,Alabama A&M,SWAC,10-22,92.0,361,115.5,334,71.0,22,-0.022,246,101.1,354,110.8,357,2025
361,Coppin St.,MEAC,6-24,87.3,363,111.6,275,67.7,147,0.033,92,105.2,242,109.6,300,2025
362,Chicago St.,NEC,4-28,91.8,362,116.2,341,68.2,118,-0.024,251,104.3,282,107.5,181,2025
363,Arkansas Pine Bluff,SWAC,6-25,95.0,349,121.1,359,71.3,17,-0.074,342,100.9,356,109.6,301,2025
364,Mississippi Valley St.,SWAC,3-28,82.6,364,124.8,364,64.8,311,-0.016,220,103.8,292,107.3,171,2025
